Allagash,25,2018-02-17
Dogfish,23,2018-02-17
Flying Dog,22,2018-02-17
Founders,21,2018-02-17
Stone,20,2018-02-17
Bells,19,2018-02-17
Victory,18,2018-02-17
21st Amendment,17,2018-02-17
Yards,16,2018-02-17
Lagunitas,15,2018-02-17
Brooklyn,14,2018-02-17
Duvel,13,2018-02-17
Rogue,12,2018-02-17
Full Sail,11,2018-02-17
Left Hand,10,2018-02-17
Chevy,25,2018-02-18
Ford,23,2018-02-18
Dodge,22,2018-02-18
BMW,21,2018-02-18
Mercedes,20,2018-02-18
VW,19,2018-02-18
Porsche,18,2018-02-18
Audi,17,2018-02-18
Jeep,16,2018-02-18
Acura,15,2018-02-18
Honda,14,2018-02-18
Toyota,13,2018-02-18
Bugatti,12,2018-02-18
Ferrari,11,2018-02-18
Jaguar,10,2018-02-18
